{
	"class_name" : "PinholeCameraParameters",
	"extrinsic" : 
	[
		0.92358223801265271,
		-0.2258267521578616,
		0.30983566703256205,
		0.0,
		0.30634480496005034,
		0.92059557517761481,
		-0.24219142972772686,
		0.0,
		-0.23054004012650089,
		0.3186001647413701,
		0.91942654453791306,
		0.0,
		1.6675053641346975,
		-0.46779965837762083,
		1.0576863353931747,
		1.0
	],
	"intrinsic" : 
	{
		"height" : 680,
		"intrinsic_matrix" : 
		[
			588.89727457341826,
			0.0,
			0.0,
			0.0,
			588.89727457341826,
			0.0,
			599.5,
			339.5,
			1.0
		],
		"width" : 1200
	},
	"version_major" : 1,
	"version_minor" : 0
}