{
	"class_name" : "PinholeCameraParameters",
	"extrinsic" : 
	[
		0.83128008304665912,
		-0.01692831950446156,
		0.55559594628533282,
		0.0,
		0.038956909578393775,
		0.99885261687899685,
		-0.027853347197075655,
		0.0,
		-0.55448695451384644,
		0.044798233812672318,
		0.83098576132279467,
		0.0,
		2.3564410883215956,
		-0.14495261492419981,
		2.8267130801129876,
		1.0
	],
	"intrinsic" : 
	{
		"height" : 680,
		"intrinsic_matrix" : 
		[
			731.70831298828125,
			0.0,
			0.0,
			0.0,
			731.70831298828125,
			0.0,
			599.5,
			339.5,
			1.0
		],
		"width" : 1200
	},
	"version_major" : 1,
	"version_minor" : 0
}