{
	"class_name" : "PinholeCameraParameters",
	"extrinsic" : 
	[
		0.92199326532017922,
		-0.047445140311683752,
		0.3842881436696145,
		0.0,
		0.026729083124273047,
		0.99789572144418137,
		0.059073557864179421,
		0.0,
		-0.38628224761121149,
		-0.04419375277345762,
		0.92132129976259058,
		0.0,
		1.5151754185787918,
		0.14278106694444698,
		2.4336724501300049,
		1.0
	],
	"intrinsic" : 
	{
		"height" : 680,
		"intrinsic_matrix" : 
		[
			731.70831298828125,
			0.0,
			0.0,
			0.0,
			731.70831298828125,
			0.0,
			599.5,
			339.5,
			1.0
		],
		"width" : 1200
	},
	"version_major" : 1,
	"version_minor" : 0
}