{
	"class_name" : "PinholeCameraParameters",
	"extrinsic" : 
	[
		0.95200083113379474,
		-0.095445507379917499,
		0.29083427006038048,
		0.0,
		0.07888997577672463,
		0.99455072413948642,
		0.068155915631522956,
		0.0,
		-0.29575460984152391,
		-0.041940579807789841,
		0.95434280975070718,
		0.0,
		2.1102268347015576,
		0.29924872028873117,
		2.1798475621568896,
		1.0
	],
	"intrinsic" : 
	{
		"height" : 680,
		"intrinsic_matrix" : 
		[
			731.70831298828125,
			0.0,
			0.0,
			0.0,
			731.70831298828125,
			0.0,
			599.5,
			339.5,
			1.0
		],
		"width" : 1200
	},
	"version_major" : 1,
	"version_minor" : 0
}