{
	"class_name" : "PinholeCameraParameters",
	"extrinsic" : 
	[
		0.83138185762177941,
		-0.014136666122039272,
		0.5555217020858082,
		0.0,
		0.035649060723761825,
		0.99897399845228763,
		-0.02793017876352474,
		0.0,
		-0.55455689634777161,
		0.043024470795152071,
		0.83103281741813562,
		0.0,
		2.356349679656641,
		-0.13760867993752648,
		2.8265097869935603,
		1.0
	],
	"intrinsic" : 
	{
		"height" : 680,
		"intrinsic_matrix" : 
		[
			731.70831298828125,
			0.0,
			0.0,
			0.0,
			731.70831298828125,
			0.0,
			599.5,
			339.5,
			1.0
		],
		"width" : 1200
	},
	"version_major" : 1,
	"version_minor" : 0
}