{
	"class_name" : "PinholeCameraParameters",
	"extrinsic" : 
	[
		0.86610307965793853,
		-0.029334789399686569,
		0.49900393338921761,
		0.0,
		0.037529394654588447,
		0.99927506571319813,
		-0.0063943397425964086,
		0.0,
		-0.49845461171895566,
		0.02426547289379781,
		0.86657612872807988,
		0.0,
		1.9447819077658259,
		0.0053675893451989795,
		2.6830388095516913,
		1.0
	],
	"intrinsic" : 
	{
		"height" : 680,
		"intrinsic_matrix" : 
		[
			731.70831298828125,
			0.0,
			0.0,
			0.0,
			731.70831298828125,
			0.0,
			599.5,
			339.5,
			1.0
		],
		"width" : 1200
	},
	"version_major" : 1,
	"version_minor" : 0
}