{
	"class_name" : "PinholeCameraParameters",
	"extrinsic" : 
	[
		0.82960955695041561,
		-0.016928319504461557,
		0.558087282613831,
		0.0,
		0.039040294188683378,
		0.99885261687899685,
		-0.027736351303678106,
		0.0,
		-0.55697741286895686,
		0.044798233812672318,
		0.82931856352132194,
		0.0,
		2.374919968482371,
		-0.14495261492419986,
		2.8338101270209792,
		1.0
	],
	"intrinsic" : 
	{
		"height" : 680,
		"intrinsic_matrix" : 
		[
			731.70831298828125,
			0.0,
			0.0,
			0.0,
			731.70831298828125,
			0.0,
			599.5,
			339.5,
			1.0
		],
		"width" : 1200
	},
	"version_major" : 1,
	"version_minor" : 0
}