{
	"class_name" : "PinholeCameraParameters",
	"extrinsic" : 
	[
		0.99378422893201768,
		-0.0048737568848251081,
		0.11121669308077252,
		0.0,
		0.0068881599864183633,
		0.9998189884284826,
		-0.017735377916680437,
		0.0,
		-0.11111012365215259,
		0.018391217242846956,
		0.993637913704147,
		0.0,
		0.87388010335713595,
		-0.14464639157226744,
		0.55003776853090192,
		1.0
	],
	"intrinsic" : 
	{
		"height" : 680,
		"intrinsic_matrix" : 
		[
			731.70831298828125,
			0.0,
			0.0,
			0.0,
			731.70831298828125,
			0.0,
			599.5,
			339.5,
			1.0
		],
		"width" : 1200
	},
	"version_major" : 1,
	"version_minor" : 0
}