{
	"class_name" : "PinholeCameraParameters",
	"extrinsic" : 
	[
		0.94568385188636561,
		-0.094512797199278464,
		0.31104562920403583,
		0.0,
		0.077441412144405683,
		0.99475564071709111,
		0.066813493746472996,
		0.0,
		-0.31572912435574702,
		-0.039096629357244457,
		0.94804355047985833,
		0.0,
		2.2527461602550054,
		0.27895696803773135,
		2.2247931530574157,
		1.0
	],
	"intrinsic" : 
	{
		"height" : 680,
		"intrinsic_matrix" : 
		[
			731.70831298828125,
			0.0,
			0.0,
			0.0,
			731.70831298828125,
			0.0,
			599.5,
			339.5,
			1.0
		],
		"width" : 1200
	},
	"version_major" : 1,
	"version_minor" : 0
}