{
	"class_name" : "PinholeCameraParameters",
	"extrinsic" : 
	[
		0.88222900408959337,
		-0.0018800850629432618,
		0.47081678986973302,
		0.0,
		0.031609276315009809,
		0.99797235747629887,
		-0.055245156928364916,
		0.0,
		-0.46975827613137972,
		0.063621057782422982,
		0.88049958717350918,
		0.0,
		1.7358385266709513,
		-0.28818904319871491,
		2.6288845932383058,
		1.0
	],
	"intrinsic" : 
	{
		"height" : 680,
		"intrinsic_matrix" : 
		[
			731.70831298828125,
			0.0,
			0.0,
			0.0,
			731.70831298828125,
			0.0,
			599.5,
			339.5,
			1.0
		],
		"width" : 1200
	},
	"version_major" : 1,
	"version_minor" : 0
}