{
	"class_name" : "PinholeCameraParameters",
	"extrinsic" : 
	[
		0.94934480226606366,
		-0.095445507379917513,
		0.29939038316452127,
		0.0,
		0.07827338579449869,
		0.99455072413948642,
		0.068863155532469217,
		0.0,
		-0.30433160119625163,
		-0.041940579807789806,
		0.9516424035732709,
		0.0,
		2.1714241680720345,
		0.29924872028873101,
		2.1991151217255736,
		1.0
	],
	"intrinsic" : 
	{
		"height" : 680,
		"intrinsic_matrix" : 
		[
			731.70831298828125,
			0.0,
			0.0,
			0.0,
			731.70831298828125,
			0.0,
			599.5,
			339.5,
			1.0
		],
		"width" : 1200
	},
	"version_major" : 1,
	"version_minor" : 0
}