{
	"class_name" : "PinholeCameraParameters",
	"extrinsic" : 
	[
		0.99345537272457507,
		0.0036890422186749029,
		0.11416134797813361,
		0.0,
		0.0052112122713175654,
		0.99697363701441599,
		-0.077565523042849818,
		0.0,
		-0.11410199678944688,
		0.077652804622604793,
		0.9904295917746524,
		0.0,
		0.89741114587018123,
		-0.61073799943778673,
		0.55479763974405194,
		1.0
	],
	"intrinsic" : 
	{
		"height" : 680,
		"intrinsic_matrix" : 
		[
			731.70831298828125,
			0.0,
			0.0,
			0.0,
			731.70831298828125,
			0.0,
			599.5,
			339.5,
			1.0
		],
		"width" : 1200
	},
	"version_major" : 1,
	"version_minor" : 0
}